,,Batch1,Batch2,Batch3,Batch4,Batch5,Batch6,Batch7,TotalAvg
Sample1,Net Mean,-0.043922326,-0.003689396,-0.025511297,-0.044299276,-0.024545818,-0.026924431,-0.02891753,-0.028258582
,Median,0.086430017,0.022655946,-0.26080578,0.076879194,-0.030027288,-0.036382645,0.021439345,0.021439345
,Max,13.04266796,12.86625203,16.48110425,11.84404429,12.48853445,11.36668308,12.51246126,16.48110425
,Min,-21.30012085,-18.10116918,-18.24920243,-12.51362965,-13.78533133,-15.95327691,-18.26233823,-21.30012085
,STD,3.719698929,3.986157276,4.82995944,3.653599141,3.559037186,3.711133989,3.612465112,3.889400802
,Variance,13.83616013,15.88944983,23.32850819,13.34878669,12.66674569,13.77251549,13.04990418,15.1274386
,Range,34.34278881,30.9674212,34.73030668,24.35767394,26.27386578,27.31995999,30.77479949,37.7812251
,Skewness,-0.105131366,-0.019827624,0.146146869,-0.099500628,0.004620466,0.007645814,-0.041819262,-0.038333355
,Kurtosis,4.603547686,3.492777569,3.520551953,3.11172427,3.24401426,3.222166032,3.709607133,3.74373138
Sample2,Net Mean,-0.026947728,0.001340437,-0.008206962,-0.020971061,-0.024466616,-0.01255854,-0.015537469,-0.01533542
,Median,-0.070907221,0.032952982,-0.189091531,-0.151212122,-0.040781668,0.03607297,-0.030485168,-0.151212122
,Max,12.84191596,15.52300542,23.65379284,14.03018533,13.18542532,10.76157826,15.07026013,23.65379284
,Min,-21.9263278,-18.88676695,-17.8330531,-13.62251443,-12.63042494,-23.44647746,-19.78461001,-23.44647746
,STD,4.028031885,4.358791496,5.411151389,3.873754919,3.818785174,3.939307638,3.836810158,4.214482137
,Variance,16.22504087,18.99906331,29.28055935,15.00597717,14.58312021,15.51814467,14.72111219,17.76185968
,Range,34.76824376,34.40977236,41.48684594,27.65269976,25.81585026,34.20805571,34.85487015,47.1002703
,Skewness,0.032740177,-0.021757782,0.100284333,0.100864198,0.012816944,-0.037035577,0.011687598,0.09672128
,Kurtosis,4.298472239,3.623825524,4.330215785,3.268044542,3.137291252,4.782822276,3.932809798,4.328643053
Sample3,Net Mean,-0.013497314,0.007574749,0.001261498,-0.007823798,-0.002414665,-0.003148977,-0.005065386,-0.003301985
,Median,-0.063018589,0.087141996,-0.007852054,0.021209275,-0.002944419,0.042558468,0.047665795,0.021209275
,Max,14.85073336,18.13729298,25.9025791,14.21029614,14.64846142,10.86418155,17.23921485,25.9025791
,Min,-23.23470307,-17.325625,-21.23893949,-15.12042502,-14.65585693,-13.89867063,-20.35330577,-23.23470307
,STD,4.316549901,4.637605871,5.93714066,4.114927829,3.981875505,3.813967997,3.937204022,4.443703755
,Variance,18.63260305,21.50738821,35.24963922,16.93263104,15.85533254,14.54635188,15.50157551,19.74650306
,Range,38.08543643,35.46291798,47.14151859,29.33072116,29.30431834,24.76285218,37.59252061,49.13728217
,Skewness,0.034417261,-0.051470899,0.00460502,-0.021166646,0.000399124,-0.035952671,-0.040179158,-0.016547858
,Kurtosis,4.199493969,3.908265488,4.523198855,3.205408267,3.208597537,3.032288707,4.228634927,4.495172506
Sample4,Net Mean,-0.068880461,-0.036703959,-0.048175016,-0.061817866,-0.06669624,-0.055252644,-0.057997338,-0.056503361
,Median,-0.036016603,0.049815466,0.039215928,0.038268808,-0.076205858,-0.154727235,0.052438408,0.038268808
,Max,17.23325772,16.48935678,23.57872362,14.01552262,14.65798905,14.40623644,15.47976751,23.57872362
,Min,-31.3358746,-26.31622835,-24.20572931,-15.61329089,-15.0616962,-15.70923185,-19.65667982,-31.3358746
,STD,4.342138724,4.649681704,5.352039381,3.957884556,3.926652255,4.04508598,3.896971059,4.338376693
,Variance,18.8541687,21.61953995,28.64432554,15.66485016,15.41859793,16.36272058,15.18638343,18.82151233
,Range,48.56913232,42.80558514,47.78445294,29.62881351,29.71968525,30.11546829,35.13644733,54.91459822
,Skewness,-0.022705763,-0.055822805,-0.048985595,-0.075863765,0.007265439,0.073774395,-0.085016602,-0.065535228
,Kurtosis,6.279625436,5.195956693,4.40110434,3.504182379,3.722097702,3.59317937,4.20305599,4.818278761
Sample5,Net Mean,-0.039188216,-0.014582584,-0.023938324,-0.033487432,-0.023931653,-0.026187686,-0.038102879,-0.028488396
,Median,-0.108910394,0.076186942,0.008689071,0.033723716,-0.126505882,-0.168688544,-0.037623789,-0.168688544
,Max,11.44280086,9.422024115,17.37898408,13.21491825,9.320695153,15.2093899,10.54199592,17.37898408
,Min,-11.26154768,-10.39211414,-13.39944084,-9.735217229,-11.49881587,-13.84049838,-10.12154194,-13.84049838
,STD,2.97125485,3.434432972,3.72194212,3.080684205,2.752654439,3.263529551,2.962078689,3.18408532
,Variance,8.828355384,11.79532984,13.85285315,9.490615174,7.577106458,10.65062513,8.773910157,10.13839933
,Range,22.70434854,19.81413825,30.77842493,22.95013548,20.81951102,29.04988829,20.66353786,31.21948246
,Skewness,0.0703967,-0.079287784,-0.026298685,-0.065450865,0.111791252,0.130993934,-0.000485223,0.132094589
,Kurtosis,3.548760883,2.853807989,3.952608763,3.65708903,3.420627237,4.606620339,3.195453228,3.789364099
Sample6,Net Mean,0.013250648,0.016659394,0.008514093,0.02399539,0.016744521,0.014153506,0.00711482,0.014347482
,Median,0.066408557,-0.042148575,0.011396463,-0.001670794,0.036266453,-0.041034187,-0.007636928,-0.042148575
,Max,12.04911237,16.64977106,16.78407325,9.317833337,9.990188102,13.43634527,10.49437603,16.78407325
,Min,-11.96586601,-16.12453346,-16.22552336,-9.273601628,-9.263176533,-9.712153079,-10.17652356,-16.22552336
,STD,3.253758356,3.223203133,4.19449764,2.901819141,2.823534754,3.014136017,2.730506609,3.1960551
,Variance,10.58694344,10.38903843,17.59381045,8.420554328,7.972348508,9.085015931,7.455666344,10.2147682
,Range,24.01497838,32.77430451,33.00959661,18.59143497,19.25336463,23.14849835,20.67089959,33.00959661
,Skewness,-0.04901216,0.054735584,-0.002061536,0.02653458,-0.020742013,0.054928868,0.016207705,0.053030428
,Kurtosis,3.276010501,4.857760027,4.012648687,3.121482657,3.343851044,3.880597505,3.303078813,4.205069132
Sample7,Net Mean,0.007100835,-0.009890419,0.00856887,0.003353532,-0.00622057,-0.002599042,-0.002077116,-0.000251987
,Median,0.104109089,-0.006130494,-0.039201767,0.077899561,-0.053252383,0.04472838,0.021424748,0.021424748
,Max,15.27059856,21.53467976,12.08338633,11.54953981,9.57923731,9.819983937,11.58602453,21.53467976
,Min,-16.14883544,-16.10190349,-17.4369343,-11.42578601,-12.34378481,-8.689820565,-11.42851541,-17.4369343
,STD,3.738163513,3.970881784,3.892141917,3.220891005,2.999292183,3.032872814,3.128894278,3.448575828
,Variance,13.97386645,15.76790214,15.1487687,10.37413886,8.9957536,9.198317506,9.789979404,11.89267524
,Range,31.419434,37.63658326,29.52032063,22.97532581,21.92302212,18.5098045,23.01453994,38.97161406
,Skewness,-0.077852336,-0.002840622,0.036820834,-0.069433609,0.047042913,-0.046814448,-0.022533709,-0.018857119
,Kurtosis,4.226789551,5.060852585,3.544465868,3.231116505,3.132630783,2.971234944,3.152981237,4.092579414
Sample8,Net Mean,-0.066426206,-0.061242377,-0.052276642,-0.07703139,-0.081863798,-0.064077223,-0.075256185,-0.068310546
,Median,-0.15541135,-0.003705174,0.020370439,-0.137822549,-0.203357203,0.145011915,0.033083289,-0.203357203
,Max,19.07552977,27.38736009,19.86463579,21.69277973,17.98524984,14.70529026,14.53264369,27.38736009
,Min,-29.44591538,-25.04523057,-19.93768434,-20.47123758,-16.88691004,-20.33108223,-16.70492219,-29.44591538
,STD,4.854030993,5.256502662,5.395004968,4.692853838,4.60756345,4.667656975,4.599967072,4.877027088
,Variance,23.56161688,27.63082024,29.1060786,22.02287715,21.22964095,21.78702164,21.15969706,23.78539322
,Range,48.52144515,52.43259066,39.80232012,42.16401731,34.87215988,35.03637249,31.23756588,56.83327547
,Skewness,0.054996648,-0.032837729,-0.040396857,0.038861955,0.079104763,-0.134385928,-0.070656685,0.083071093
,Kurtosis,5.33915725,5.304745952,3.700094351,3.910839692,3.496778889,3.490529426,3.018040205,4.199142869
Sample9,Net Mean,-0.008144772,-0.017392584,0.009091859,-0.01231748,-0.010969963,-0.018822355,-0.016612671,-0.010738281
,Median,-0.084172093,0.088017259,-0.089614025,-0.048289417,-0.031279544,0.066587303,0.002961619,-0.089614025
,Max,14.07173832,24.48906767,14.6454332,10.47756558,10.27950472,10.37596873,12.50558755,24.48906767
,Min,-13.56912558,-15.30090084,-13.25819551,-11.03708941,-11.47989653,-11.56744584,-11.63299683,-15.30090084
,STD,3.838515915,4.036993345,4.0839169,3.323196879,3.191766741,3.341048758,3.620920515,3.649160012
,Variance,14.73420443,16.29731527,16.67837725,11.0436375,10.18737493,11.1626068,13.11106538,13.31636879
,Range,27.6408639,39.78996851,27.90362871,21.51465499,21.75940125,21.94341457,24.13858438,39.78996851
,Skewness,0.059419309,-0.078332933,0.072508247,0.032473493,0.019089347,-0.076691181,-0.016217664,0.064844302
,Kurtosis,3.365264417,5.403700003,3.155954801,3.024055388,2.838091188,3.284291923,3.232395804,3.763824414
Sample10,Net Mean,0.046859604,0.027209062,0.04374903,0.048574801,0.04019552,0.035537347,0.039265851,0.040198745
,Median,0.117897146,0.017181418,0.09926142,-0.009977214,0.044114923,0.055232452,-0.05320939,0.044114923
,Max,10.06186927,11.50853901,15.84011934,9.671217974,7.995655816,8.677972766,10.57114227,15.84011934
,Min,-10.66708372,-9.043080563,-11.902444,-11.46643308,-8.021632656,-10.7671395,-9.450335239,-11.902444
,STD,2.819024513,2.912160273,3.399016382,2.565279661,2.369666124,2.384407534,2.756679818,2.763578147
,Variance,7.946899203,8.480677455,11.55331236,6.580659739,5.61531754,5.685399291,7.599283618,7.637364173
,Range,20.72895299,20.55161958,27.74256334,21.13765106,16.01728847,19.44511227,20.02147751,27.74256334
,Skewness,-0.075598004,0.010330108,-0.048995695,0.068474423,-0.00496197,-0.024779873,0.10063763,-0.004251204
,Kurtosis,4.001051901,3.535671361,3.92005667,3.86084586,3.01816151,3.768044714,3.329726194,3.934960193
Sample11,Net Mean,0.021725357,0.020835391,0.027305456,0.029717044,0.031169087,0.01376066,0.018519331,0.023290332
,Median,-0.02955962,0.152149437,-0.158330375,0.082033674,0.221302194,-0.076869021,-0.040313657,-0.158330375
,Max,23.38921107,20.45096701,19.63192759,24.53999995,11.61036691,22.43300734,16.95716598,24.53999995
,Min,-18.00075538,-22.85161047,-17.93313789,-17.94933416,-14.99546951,-17.25633736,-20.04279685,-22.85161047
,STD,4.565223057,4.919692475,5.510024142,4.57983737,3.842359671,4.524390141,4.381717165,4.641631353
,Variance,20.84126156,24.20337405,30.36036604,20.97491034,14.76372784,20.47010615,19.19944531,21.54474161
,Range,41.38996645,43.30257748,37.56506548,42.48933411,26.60583642,39.6893447,36.99996283,47.39161042
,Skewness,0.033701514,-0.080074545,0.101071697,-0.034269752,-0.148450267,0.060094076,0.040280775,0.11738591
,Kurtosis,4.612552612,4.441906374,3.5209172,4.869565949,3.068007423,4.380679798,3.65601652,4.261119769
Sample12,Net Mean,-0.018172527,-0.012377377,-0.00581866,-0.031170173,-0.017033195,-0.024596136,-0.020503527,-0.018524514
,Median,-0.071374447,0.167461144,0.010085109,-0.247847874,0.102730182,-0.033310138,-0.134281472,-0.247847874
,Max,17.54359734,13.37259956,25.5057089,17.32555592,11.25158728,13.62975591,14.61956292,25.5057089
,Min,-12.8840534,-16.05670799,-21.40758525,-13.85514676,-13.92744904,-13.07423102,-16.09197674,-21.40758525
,STD,4.288240269,4.476537191,5.784128366,4.49519684,3.927623249,4.478955674,4.774142586,4.634822098
,Variance,18.38900461,20.03938522,33.45614095,20.20679463,15.42622439,20.06104393,22.79243744,21.48157588
,Range,30.42765074,29.42930755,46.91329415,31.18070268,25.17903632,26.70398693,30.71153966,46.91329415
,Skewness,0.037219407,-0.120520738,-0.00824866,0.144606149,-0.091477748,0.005836629,0.071496363,0.148435057
,Kurtosis,3.415432796,3.200310124,3.874467739,3.046129634,2.891855812,2.801845348,3.169042409,3.554789024
Sample13,Net Mean,0.02839609,0.017724138,0.019816837,0.0318894,0.013818996,0.012858275,0.01541964,0.019989054
,Median,0.170621611,-0.068774194,-0.021938099,-0.139610542,0.145951459,0.089489947,0.053123584,0.053123584
,Max,16.71969145,17.23306176,19.93464007,15.4419398,15.98419757,15.09172695,19.18084982,19.93464007
,Min,-16.58898225,-22.31623298,-16.45875062,-16.06274524,-13.42997542,-15.33380546,-19.47643713,-22.31623298
,STD,4.578582547,4.614294494,5.68536503,4.226957398,4.023813535,4.379219619,4.469829756,4.594930344
,Variance,20.96341814,21.29171368,32.32337552,17.86716884,16.19107536,19.17756447,19.97937805,21.11338487
,Range,33.30867369,39.54929474,36.39339068,31.50468504,29.41417299,30.4255324,38.65728694,42.25087305
,Skewness,-0.093189663,0.056237198,0.022032852,0.121718716,-0.098512862,-0.0524968,-0.025305624,-0.021633318
,Kurtosis,3.206328398,4.115682187,3.180327863,3.278820945,3.167703664,3.204185841,4.151379534,3.624622497
Sample14,Net Mean,0.022732457,0.022943273,0.018821228,0.030745562,0.0161473,0.007800418,0.02317271,0.020337564
,Median,0.054370937,0.03300669,-0.153154576,-0.028306783,0.116613929,-0.114098062,-0.019940057,-0.153154576
,Max,17.17602451,13.46966612,20.48558986,14.62312618,17.97164724,14.66004384,16.67942141,20.48558986
,Min,-15.55470727,-16.83948764,-19.6742102,-16.75866372,-16.01773026,-12.5190426,-17.40118855,-19.6742102
,STD,4.534891119,4.468713968,5.661194801,4.389149523,4.403264368,4.532101089,4.25959243,4.627884539
,Variance,20.56523746,19.96940453,32.04912658,19.26463354,19.3887371,20.53994029,18.14412767,21.41731531
,Range,32.73073177,30.30915376,40.15980006,31.3817899,33.9893775,27.17908644,34.08060996,40.15980006
,Skewness,-0.020930037,-0.006755915,0.091134015,0.040362497,-0.068449191,0.080690044,0.030364008,0.112465299
,Kurtosis,3.508810455,3.173815568,3.109448833,2.997884918,3.248925184,2.827829706,3.768223924,3.335810644
Sample15,Net Mean,-0.003358065,-0.012545954,-0.016338314,-0.002321844,-0.018162888,-0.017739107,-0.009047794,-0.011359138
,Median,0.090285063,-0.008768479,-0.136379183,0.096763277,0.014906441,-0.070321476,-0.072198817,-0.136379183
,Max,12.74837863,12.81197241,16.15591026,10.90679766,17.50805713,16.46615577,15.28685201,17.50805713
,Min,-14.10271707,-16.37872555,-19.36109737,-16.31208154,-14.66602071,-11.25191265,-11.93158907,-19.36109737
,STD,4.154297749,4.141701791,5.356182665,3.873074938,4.149146383,4.067208086,3.687596865,4.233493216
,Variance,17.25818979,17.15369372,28.68869274,15.00070948,17.21541571,16.54218162,13.59837064,17.92246481
,Range,26.8510957,29.19069796,35.51700763,27.2188792,32.17407785,27.71806842,27.21844108,36.8691545
,Skewness,-0.067623796,-0.002736176,0.067234938,-0.07674919,-0.023910457,0.038785108,0.051375754,0.088593536
,Kurtosis,3.104808211,3.126928472,2.977812022,2.968448593,3.528098618,3.108394133,3.879880671,3.369949342
Sample16,Net Mean,0.044056288,0.009849763,0.030268963,0.050108743,0.028299699,0.026377372,0.027449113,0.030915706
,Median,0.073193218,0.119356595,0.000910179,0.088141712,-0.042907901,0.052160972,0.039739643,0.052160972
,Max,12.47397209,13.33464506,18.22934141,9.708734538,9.519528939,10.80175125,10.45275915,18.22934141
,Min,-10.68540924,-15.02799515,-13.76231428,-9.477542082,-11.60116503,-10.1103848,-11.3862685,-15.02799515
,STD,3.139517031,3.443516171,4.117773453,2.777554803,2.875533647,2.866993252,3.027006334,3.207944404
,Variance,9.856567191,11.85780362,16.95605821,7.714810682,8.268693754,8.219650309,9.162767343,10.2909073
,Range,23.15938133,28.36264021,31.9916557,19.18627662,21.12069397,20.91213605,21.83902765,33.25733656
,Skewness,-0.027842114,-0.095402629,0.021389315,-0.041078904,0.074289793,-0.026979764,-0.012180876,-0.019868112
,Kurtosis,3.048676536,4.399237304,3.688828172,3.496491663,3.659923623,3.618713506,3.42337892,4.000382143
Sample17,Net Mean,-0.029075358,-0.001524947,-0.029937961,-0.03963588,-0.027556722,-0.018423952,-0.01885223,-0.023572436
,Median,-0.028955055,0.08004123,-0.130723655,0.054781278,-0.179564486,-0.062401408,0.050521134,-0.179564486
,Max,15.979615,19.08538171,19.97474169,17.55303616,14.10872834,17.04458409,13.77541891,19.97474169
,Min,-21.61726798,-19.61370402,-19.45822385,-17.72084958,-12.55759849,-20.32804812,-13.40997099,-21.61726798
,STD,4.247453588,4.446470109,5.401852729,4.401070319,3.855263438,4.543608028,3.884865548,4.423331028
,Variance,18.04086198,19.77109643,29.1800129,19.36941995,14.86305617,20.64437391,15.09218032,19.56585738
,Range,37.59688297,38.69908573,39.43296554,35.27388573,26.66632683,37.37263221,27.1853899,41.59200967
,Skewness,-0.000085,-0.055032087,0.055972848,-0.064359679,0.118285897,0.029036917,-0.05357202,0.105797226
,Kurtosis,4.406541999,3.916549702,3.314765965,4.084530646,3.207007927,3.990622549,3.224020399,3.904676175
Sample18,Net Mean,-0.024655194,-0.002606406,-0.039073268,-0.020650804,-0.019011648,-0.008910143,-0.020179544,-0.019298144
,Median,0.015684735,-0.066707578,0.101830396,0.176261318,0.090827068,0.029110953,-0.051559936,0.029110953
,Max,18.99665177,20.28909149,16.76238261,13.21448609,10.85792622,12.57148209,11.1360435,20.28909149
,Min,-23.9683902,-22.1259644,-14.21450756,-13.55274923,-12.86622416,-12.8504398,-12.42552575,-23.9683902
,STD,4.215138366,4.360727022,4.618750196,3.969823229,3.843250414,3.979646987,3.778993249,4.119026156
,Variance,17.76739145,19.01594016,21.33285338,15.75949647,14.77057374,15.83759014,14.28078998,16.96637647
,Range,42.96504197,42.4150559,30.97689017,26.76723531,23.72415039,25.42192189,23.56156924,44.25748169
,Skewness,-0.02871075,0.044098958,-0.091520644,-0.148806718,-0.085738922,-0.02866166,0.024911708,-0.035257676
,Kurtosis,5.25479589,5.158737278,3.192336949,3.173882724,3.05754495,3.107087039,3.122991328,3.89510459
Sample19,Net Mean,-0.009800709,-0.008629716,-0.028695082,0.004070352,-0.023473173,-0.007330663,-0.014295358,-0.012593478
,Median,-0.014983312,-0.021823398,-0.025220657,-0.107052923,-0.041734873,0.019053113,0.071224139,-0.041734873
,Max,11.34146737,13.22278641,30.63602144,10.8840121,12.13281796,12.16275825,11.17158479,30.63602144
,Min,-14.5798929,-13.38704708,-19.90280888,-15.6883223,-13.29372799,-11.1789452,-12.58443398,-19.90280888
,STD,3.826724909,3.898438492,5.985453564,3.926034992,3.874185145,3.902291305,3.641171915,4.21860458
,Variance,14.64382353,15.19782268,35.82565437,15.41375075,15.00931054,15.22787743,13.25813291,17.7966246
,Range,25.92136027,26.60983349,50.53883032,26.57233441,25.42654595,23.34170344,23.75601877,50.53883032
,Skewness,0.004062955,0.010153052,-0.001741435,0.084912597,0.014141064,-0.020283296,-0.070460417,0.020723484
,Kurtosis,3.255325092,3.233962714,5.262790163,3.235325048,3.251535925,2.924219796,3.019047679,4.920820125
Sample20,Net Mean,-0.004884412,-0.007147984,-0.022902045,-0.007580147,-0.022956518,-0.000931086,-0.010421246,-0.010974777
,Median,0.039752908,0.065575339,0.078922592,-0.000523019,-0.035173347,0.138409387,-0.109503272,0.039752908
,Max,12.08737032,14.02190182,27.79810904,16.44010765,14.00494681,15.58716217,12.50792614,27.79810904
,Min,-16.15254211,-15.33251354,-25.14080385,-17.86605416,-12.36148337,-16.17572522,-12.96810024,-25.14080385
,STD,4.116867558,4.446594827,5.977051843,4.327455024,3.90106248,4.601297547,4.066379711,4.537124503
,Variance,16.94859849,19.77220555,35.72514873,18.72686699,15.21828848,21.17193911,16.53544395,20.58549876
,Range,28.23991243,29.35441535,52.93891288,34.30616181,26.36643019,31.7628874,25.47602637,52.93891289
,Skewness,-0.032527634,-0.049064504,-0.05110779,-0.004892341,0.009395001,-0.090848595,0.073098456,-0.033541741
,Kurtosis,3.426777219,3.122960606,4.541322303,3.9668492,3.163472638,3.354131624,2.992871796,4.196043288
Sample21,Net Mean,-0.006973042,0.005850757,-0.000928342,-0.026339675,0.005435279,-0.001189969,0.006260629,-0.002554909
,Median,0.085753037,0.068993158,0.142786167,0.113665047,-0.059165273,0.142431018,0.00983912,0.085753037
,Max,17.03197392,14.79835945,15.68189648,12.7068431,15.27120664,14.43964517,13.99289606,17.03197392
,Min,-21.7868836,-22.2177361,-20.78437717,-12.33504336,-12.47061202,-17.2078797,-16.82180704,-22.2177361
,STD,4.202480079,4.351555977,4.667695714,3.649161883,3.64886243,4.105761838,4.05994868,4.111921771
,Variance,17.66083881,18.93603942,21.78738328,13.31638245,13.31419703,16.85728027,16.48318328,16.90790065
,Range,38.81885752,37.01609555,36.46627365,25.04188646,27.74181866,31.64752488,30.8147031,39.24971002
,Skewness,-0.066193827,-0.043530913,-0.092367531,-0.115098803,0.053112897,-0.104941051,-0.002644239,-0.064428229
,Kurtosis,4.342304924,4.030861596,3.870797044,3.09624306,3.31148867,3.663502539,3.187089289,3.837917458
Sample22,Net Mean,-0.004500382,0.005098118,0.002182929,-0.008906373,0.011807619,0.008546102,0.006976346,0.003029194
,Median,-0.038627756,-0.057162893,0.106933634,0.018951506,0.01188856,-0.073339578,0.016796875,0.01188856
,Max,14.72893543,10.65209256,14.90956424,10.40788649,10.20986291,10.27651203,11.38260709,14.90956424
,Min,-18.19342175,-17.93064102,-16.9561645,-10.99149914,-10.23182143,-12.24776199,-11.7724011,-18.19342175
,STD,3.557057123,3.863860562,3.81778377,3.130674594,3.047900061,3.248663348,3.269019806,3.432797047
,Variance,12.65265538,14.92941844,14.57547291,9.801123417,9.289694781,10.55381355,10.68649049,11.78409557
,Range,32.92235718,28.58273358,31.86572874,21.39938564,20.44168434,22.52427402,23.1550082,33.10298599
,Skewness,0.028782817,0.048341039,-0.082312707,-0.02669509,-0.0000797,0.075617881,-0.009012361,-0.007742403
,Kurtosis,4.003456512,4.175984926,3.828860225,3.010218318,3.075351244,3.005269475,3.201376133,3.744655973
Sample23,Net Mean,0.010659033,-0.007961767,-0.01553696,0.019326669,-0.008564005,-0.000464315,-0.000889211,-0.000490079
,Median,-0.105008433,-0.049827307,-0.121922201,0.027337864,-0.017650977,0.149492542,-0.040518693,-0.105008433
,Max,10.84959694,13.59221602,23.68441594,13.80602785,11.76322407,10.27350089,10.8072641,23.68441594
,Min,-10.0310346,-13.92956501,-16.37124184,-13.10509851,-10.0253856,-10.5092995,-13.67420021,-16.37124184
,STD,3.560723246,3.955288403,5.234877122,3.759370541,3.461203495,3.552391427,3.282355097,3.877280549
,Variance,12.67875004,15.64430635,27.40393848,14.13286686,11.97992963,12.61948485,10.77385499,15.03330446
,Range,20.88063154,27.52178103,40.05565778,26.91112636,21.78860967,20.78280039,24.48146431,40.05565778
,Skewness,0.097452785,0.031754099,0.060967186,-0.006392981,0.007876138,-0.126638795,0.036220471,0.080869841
,Kurtosis,2.844649104,3.163628435,4.269707764,3.781022788,3.059328785,2.812832418,3.081042004,4.069448083
Sample24,Net Mean,0.025436859,0.010624289,0.001946417,0.034114501,0.015551646,0.019855428,0.009723918,0.016750437
,Median,-0.013072048,0.083443599,-0.08718285,0.098805702,0.012898586,0.04564149,0.01055566,0.012898586
,Max,9.121522436,8.097476308,13.97050617,8.45142431,8.588709843,7.297059841,9.513154216,13.97050617
,Min,-9.728566207,-9.258265694,-12.10133029,-8.901546686,-8.966200485,-9.130838461,-7.528373812,-12.10133029
,STD,2.800865816,2.909137493,3.565315106,2.574834602,2.57611709,2.582957504,2.554651144,2.815352465
,Variance,7.844849318,8.463080952,12.71147181,6.629773228,6.636379263,6.671669468,6.526242469,7.9262095
,Range,18.85008864,17.355742,26.07183647,17.352971,17.55491033,16.4278983,17.04152803,26.07183646
,Skewness,0.041246789,-0.075093711,0.074996961,-0.075373231,0.003089603,-0.029949461,-0.000976738,0.004104478
,Kurtosis,3.110921847,2.748771066,3.697987871,3.310009527,3.158236907,3.056916025,3.15683594,3.503982227
Sample25,Net Mean,0.025259081,0.008161748,0.017510768,0.026917731,0.030226585,0.029061188,0.021547235,0.022669191
,Median,0.046277554,-0.082129814,0.006942573,-0.05736845,0.072949959,-0.089988923,0.157985582,0.006942573
,Max,15.9958089,14.41360979,12.11334236,10.53881844,12.00340371,12.79393935,9.46321656,15.9958089
,Min,-13.56643316,-21.65598352,-10.90308507,-13.47156157,-10.94227132,-9.110308673,-13.20347537,-21.65598352
,STD,3.501860023,3.994042776,3.585426766,3.078758208,2.899439194,3.119061558,2.993854572,3.330548997
,Variance,12.26302362,15.9523777,12.8552851,9.478752103,8.406747638,9.728545002,8.963165197,11.09255662
,Range,29.56224206,36.0695933,23.01642743,24.01038001,22.94567503,21.90424802,22.66669193,37.65179242
,Skewness,-0.018006265,0.067819676,0.008842626,0.082130043,-0.044205142,0.114505702,-0.136718411,0.014165789
,Kurtosis,4.302113714,6.207195857,3.253018852,3.38452378,3.297806197,3.20649976,3.487874888,4.51053837
Sample26,Net Mean,0.003405967,0.014124489,0.021423901,-0.011349241,0.031891066,0.02049056,0.021909007,0.014556536
,Median,0.178792036,-0.047319933,0.065671527,-0.120612869,0.220964415,0.068673911,0.117479164,0.068673911
,Max,18.78034379,16.26377855,14.45342651,14.25534293,11.19837535,13.98929341,13.06534784,18.78034379
,Min,-17.86617371,-25.55649419,-26.02842327,-20.87416771,-14.15493368,-13.69818599,-15.53492452,-26.02842327
,STD,4.517674495,4.961275577,5.273790199,4.291371769,3.766331546,4.20749091,4.115399482,4.473367522
,Variance,20.40938284,24.61425535,27.81286307,18.41587166,14.18525331,17.70297975,16.9365129,20.01101698
,Range,36.6465175,41.82027274,40.48184978,35.12951064,25.35330904,27.68747941,28.60027236,44.80876706
,Skewness,-0.116466605,0.03715441,-0.025170299,0.076383707,-0.150602792,-0.034355405,-0.069667713,-0.036293044
,Kurtosis,4.265760211,4.837978235,3.740960553,3.563607607,3.264310203,3.142845682,3.168832745,4.053105861
Sample27,Net Mean,0.034910967,0.016131605,0.043645818,0.028875914,0.045504917,0.040362504,0.042879379,0.036044443
,Median,0.153403587,0.091707305,0.071889174,0.16949274,-0.046555711,0.123371966,-0.042481532,0.091707305
,Max,12.09295992,10.42736809,14.22288884,10.0477491,8.992531874,8.76742956,9.337544056,14.22288884
,Min,-15.44193265,-13.87010834,-12.19110864,-11.60013224,-8.245379645,-9.200030002,-9.117574273,-15.44193265
,STD,3.301360398,3.336084401,3.904375357,3.021382523,2.737140906,2.818464772,2.906976657,3.168765785
,Variance,10.89898048,11.12945913,15.24414692,9.128752349,7.491940338,7.943743668,8.450513286,10.0410766
,Range,27.53489256,24.29747642,26.41399748,21.64788134,17.23791152,17.96745956,18.45511833,29.66482149
,Skewness,-0.107676174,-0.06796204,-0.021701312,-0.139621672,0.100901595,-0.08835604,0.088092463,-0.052698305
,Kurtosis,3.967310266,3.541596457,3.397112196,3.218348961,3.133839254,3.055886265,2.991345729,3.613015896
Sample28,Net Mean,0.045123007,0.012673084,0.037744566,0.042982416,0.037288282,0.037667687,0.030931252,0.034915756
,Median,0.182203421,0.070107034,-0.052449133,0.132088419,0.067166916,-0.085559007,0.014191122,0.067166916
,Max,10.50907161,8.636290154,11.74502057,8.536358517,7.460311412,7.196566784,8.031631665,11.74502057
,Min,-7.21488403,-11.8030071,-9.951017683,-7.971162298,-8.939116595,-8.79133376,-7.729138931,-11.8030071
,STD,2.649250849,3.029216718,3.275273833,2.500466886,2.292992778,2.340434848,2.493001385,2.675949615
,Variance,7.018530062,9.176153922,10.72741868,6.25233465,5.25781588,5.477635278,6.215055905,7.16070634
,Range,17.72395564,20.43929725,21.69603826,16.50752082,16.39942801,15.98790054,15.7607706,23.54802767
,Skewness,-0.155229258,-0.056880002,0.082613275,-0.106907238,-0.039091227,0.157953588,0.020144549,-0.036156689
,Kurtosis,2.879208505,3.402916974,3.54218386,3.311015297,3.418331387,3.01826696,3.052561952,3.533811184
Sample29,Net Mean,0.024353713,0.012033175,0.022328394,0.027528193,0.032755374,0.028223413,0.025180155,0.024628917
,Median,0.018910022,0.109124658,0.066874835,0.01527969,0.121237183,-0.016007038,-0.00433296,0.018910022
,Max,33.46697829,27.58048656,22.58826763,22.97828877,13.53630738,23.72803776,13.70095983,33.46697829
,Min,-20.26038475,-28.80681001,-22.23975277,-27.88590858,-17.77254473,-14.75132393,-16.68124835,-28.80681001
,STD,4.885180007,5.387918304,5.848802015,4.955454827,4.04924293,4.777778634,4.161837085,4.901954272
,Variance,23.86498371,29.02966365,34.20848501,24.55653254,16.39636831,22.82716868,17.32088792,24.02915569
,Range,53.72736304,56.38729657,44.8280204,50.86419735,31.30885212,38.47936169,30.38220819,62.2737883
,Skewness,0.003342982,-0.054060666,-0.022849008,0.007415164,-0.065554335,0.027772604,0.021274101,0.003499968
,Kurtosis,7.265110361,6.724976933,3.766079053,5.683576628,3.872112146,4.134061301,3.566503767,5.419528183
Sample30,Net Mean,0.009117447,-0.006783434,0.011343357,-0.002358551,0.010154966,0.010835942,0.01946689,0.00739666
,Median,0.044375914,0.160936297,-0.008203696,0.016821316,-0.023079895,0.118775218,-0.029843645,0.016821316
,Max,12.79197403,9.353967677,16.8744977,12.92296315,13.70200356,10.25155415,12.18969395,16.8744977
,Min,-13.51803222,-12.62831074,-17.44519521,-13.21823046,-10.07265416,-9.995756488,-8.949638315,-17.44519521
,STD,3.804782141,3.4998434,4.638851305,3.697358864,3.180438751,3.471942422,3.215280314,3.672723343
,Variance,14.47636714,12.24890382,21.51894143,13.67046257,10.11519065,12.05438418,10.3380275,13.48889676
,Range,26.31000624,21.98227841,34.31969291,26.1411936,23.77465772,20.24731064,21.13933226,34.31969291
,Skewness,-0.027800646,-0.143766202,0.01264131,-0.015562352,0.031349317,-0.093267051,0.04600893,-0.007698366
,Kurtosis,3.085763096,2.864290661,3.540375411,3.308115215,3.30136217,2.835151745,3.100508347,3.466555111
Sample31,Net Mean,0.01224045,0.008599009,0.00672073,0.01554959,0.01937039,0.007996549,0.018012382,0.0126413
,Median,0.030978939,0.106095867,0.289559293,0.158711432,-0.042298297,-0.165248075,-0.136927181,0.030978939
,Max,27.55783819,19.61551523,23.29722954,17.22063732,16.33997066,15.94229543,15.98369753,27.55783819
,Min,-16.72789614,-15.97489926,-21.67874572,-19.30672784,-14.61429462,-13.61898694,-14.72694411,-21.67874572
,STD,4.669691425,4.806695133,6.035041617,4.697492739,4.139797178,4.5300151,3.963457462,4.732357522
,Variance,21.80601801,23.1043181,36.42172732,22.06643803,17.13792067,20.5210368,15.70899505,22.39520771
,Range,44.28573433,35.59041449,44.97597525,36.52736516,30.95426528,29.56128237,30.71064165,49.23658391
,Skewness,-0.012038368,-0.060850661,-0.14059815,-0.091428673,0.044689644,0.114731157,0.117276063,-0.011624844
,Kurtosis,4.721966359,3.839167961,3.491301484,3.887351013,3.526222857,3.066219168,3.561555237,3.994713163
Sample32,Net Mean,-0.006201092,-0.014353576,-0.014905841,-0.009688845,-0.008493775,-0.024370679,-0.0000732,-0.011155287
,Median,0.224280069,-0.023761119,-0.090165345,0.116220849,-0.084682933,0.030236677,-0.153358371,-0.153358371
,Max,16.37310089,12.09033774,21.24097533,11.21631453,15.0698873,13.99639978,14.78757851,21.24097533
,Min,-13.39132814,-14.3324264,-19.50713734,-17.5360169,-12.86218867,-13.13443038,-10.78994257,-19.50713734
,STD,4.330199944,4.216109022,5.561496742,4.213801289,4.12925993,4.253163724,3.704358027,4.37647986
,Variance,18.75063156,17.77557529,30.93024601,17.7561213,17.05078757,18.08940167,13.72226839,19.15357597
,Range,29.76442903,26.42276413,40.74811267,28.75233143,27.93207597,27.13083016,25.57752108,40.74811267
,Skewness,-0.159679343,0.006693999,0.040596718,-0.089640934,0.055353133,-0.038517697,0.12413908,0.097477714
,Kurtosis,2.959261374,2.888267014,3.341653327,3.149191365,3.34434872,3.026539919,3.637030743,3.423005382
Sample33,Net Mean,-10.19963393,-39.81511198,-46.87683938,-102.534587,-166.3053025,-229.590586,-158.2218214,-107.649126
,Median,-4.39468589,-47.44148135,-49.28522794,-103.7851272,-150.2381664,-225.3942775,-153.70691,-225.3942775
,Max,23.26151301,36.73023812,48.13646705,-24.20714928,-74.20705689,-170.1443796,-110.2382403,48.13646705
,Min,-151.3319144,-128.831956,-99.64450989,-160.8631468,-257.5192182,-421.3626654,-276.9566823,-421.3626654
,STD,25.46272074,34.21815449,32.74837584,21.11184952,44.93215541,34.49685366,27.44094217,32.29182861
,Variance,648.3501473,1170.882097,1072.45612,445.7101904,2018.898589,1190.032913,753.0053073,1042.762195
,Range,174.5934274,165.5621941,147.7809769,136.6559975,183.3121613,251.2182858,166.7184419,469.4991325
,Skewness,-0.68393493,0.668624841,0.220626688,0.177702132,-1.072759762,-0.364929667,-0.49359581,10.93884954
,Kurtosis,18.57826165,2.808178664,2.558209792,4.530033058,2.097886094,7.559272375,8.445629667,5.195669866
Sample34,Net Mean,31.41365181,51.70343637,42.4417076,20.09647979,5.964371575,42.7340519,-14.83875839,25.64499152
,Median,32.76019337,49.91641167,45.88516912,13.41647912,9.838360727,34.4789402,-25.11469969,34.4789402
,Max,83.94759879,129.1975152,124.7600234,170.6349386,61.60389008,435.1344499,59.60389377,435.1344499
,Min,-33.86468352,-18.11471262,-14.48971932,-18.36471216,-47.98965742,-15.86471678,-67.14587203,-67.14587203
,STD,29.86429406,25.45088479,27.06893723,25.31525965,26.33078233,50.86744171,33.6615321,32.35322637
,Variance,891.8760594,647.7475364,732.7273625,640.8623709,693.3100979,2587.496626,1133.098743,1046.731257
,Range,117.8122823,147.3122278,139.2497427,188.9996508,109.5935475,450.9991667,126.7497658,502.2803219
,Skewness,-0.135266037,0.210643918,-0.38163244,0.79161748,-0.441383295,0.486860244,0.915817611,-0.819140747
,Kurtosis,1.670176762,3.73768308,2.370817561,9.638496505,1.881620868,34.08159729,1.742309642,31.22105906
Sample35,Net Mean,5.7560115,-5.523698561,-3.807555899,27.87977704,6.219281043,35.06905412,71.08689122,19.52568007
,Median,5.12482777,-6.000151674,-4.078280225,26.78103775,4.890453203,33.12477603,75.60907253,33.12477603
,Max,48.67162231,31.04665487,31.3591543,69.54658374,43.39038207,77.82781843,106.5465154,106.5465154
,Min,-57.6719312,-51.51569257,-39.76571428,-14.64076071,-26.20323934,-0.859536172,26.35916353,-57.6719312
,STD,25.75307455,16.96997472,16.35274441,22.04646003,13.69421395,16.38707976,17.68544562,18.79780537
,Variance,663.2208486,287.980042,267.4122497,486.0464001,187.5314957,268.536383,312.7749868,353.3574866
,Range,106.3435535,82.56234745,71.12486858,84.18734444,69.59362141,78.68735461,80.18735183,164.2184466
,Skewness,0.073527189,0.084228725,0.049665852,0.149512342,0.291107144,0.355941044,-0.767102183,-2.170321859
,Kurtosis,2.186012009,2.720829852,2.144369778,1.647654262,2.712350123,2.711614248,1.972094265,2.532667128
Sample36,Net Mean,15.48990736,-17.56406802,-58.90942349,-58.75580506,-3.969339454,-1.964161952,17.67412099,-15.42839566
,Median,2.786453185,-22.22912559,-55.38531433,-56.18218786,-5.119782207,3.145827521,18.4739242,-56.18218786
,Max,158.6299152,91.38003949,45.22387477,36.19264146,76.0050679,99.53627442,109.6925056,158.6299152
,Min,-75.43215229,-72.49465771,-120.0258199,-131.7445482,-53.7759423,-61.61967781,-55.96343826,-131.7445482
,STD,41.29571361,31.29491115,28.37935791,28.93119902,19.22244663,27.1054137,30.83877491,30.19542445
,Variance,1705.335963,979.3714641,805.3879555,837.0142765,369.5024545,734.7034519,951.0300377,911.7636575
,Range,234.0620675,163.8746972,165.2496947,167.9371897,129.7810102,161.1559522,165.6559439,290.3744634
,Skewness,0.922864849,0.447202826,-0.372535823,-0.266869396,0.179546773,-0.565568509,-0.077804959,4.049003411
,Kurtosis,2.464798204,2.895257589,2.807997189,2.732055338,4.286011211,2.836469199,2.935246653,3.170825773
Sample37,Net Mean,837.4733026,257.331079,-780.097469,4000.473064,5962.536461,1958.967835,-221.1550616,1716.504173
,Median,954.7277681,319.2179405,-998.8747807,4517.150352,5666.501722,3634.545331,-396.8201078,3634.545331
,Max,1994.536284,3338.209961,1614.944527,5136.944002,7790.105309,5459.108916,1718.80504,7790.105309
,Min,-637.8723149,-2749.48046,-2241.488285,1614.944527,4004.469193,-3410.020961,-1443.606522,-3410.020961
,STD,763.9399215,2012.017809,1039.791355,1046.85787,1134.383346,2965.472672,869.3111018,1587.696124
,Variance,583604.2037,4048215.665,1081166.061,1095911.401,1286825.575,8794028.171,755701.7917,2520778.981
,Range,2632.408599,6087.690421,3856.432811,3521.999476,3785.636116,8869.129876,3162.411562,11200.12627
,Skewness,-0.460459503,-0.092275816,0.631215034,-1.480651682,0.78289603,-1.695086431,0.606221567,-3.624196966
,Kurtosis,1.862947614,1.509942029,2.882674656,2.580027677,1.752430484,1.693242483,3.102084525,3.764994403
Sample38,Net Mean,168.3101816,118.082003,-81.5202758,387.278527,1034.116009,472.5471954,994.1725066,441.8551638
,Median,180.4204023,219.9047043,-86.03223036,433.5761845,1125.293656,414.0918455,1150.809234,180.4204023
,Max,2050.151323,1999.182667,1917.651567,2921.712212,2504.212984,2204.338538,2810.368668,2921.712212
,Min,-2427.965403,-2096.934765,-2124.559714,-2184.090854,-1601.56068,-1375.342348,-1539.842044,-2427.965403
,STD,978.6221608,921.5746388,923.1230921,1075.36415,752.0610365,686.8940173,937.2635812,904.8636567
,Variance,957701.3337,849299.8149,852156.2431,1156408.055,565595.8026,471823.391,878463.0206,818778.2373
,Range,4478.116726,4096.117431,4042.211281,5105.803066,4105.773664,3579.680886,4350.210712,5349.677615
,Skewness,-0.037124299,-0.331463228,0.014663119,-0.129159013,-0.363711093,0.255302922,-0.501363963,0.866765152
,Kurtosis,2.426151146,2.002159646,1.947142086,1.959605046,3.880578406,2.440955127,2.927308305,2.503355261
Sample39,Net Mean,8890.194447,11504.60199,-19251.32737,-2407.106053,12831.02581,-4207.155919,-8829.736653,-209.9291069
,Median,8966.81953,17383.68379,-20070.33678,-1635.558382,12761.43959,-1691.954009,-8972.849203,-8972.849203
,Max,25225.36147,26748.77582,-12961.06983,11151.35664,22286.92957,9813.486349,4321.382326,26748.77582
,Min,-8172.080125,-16235.9224,-25044.87054,-17438.54084,2345.826416,-24071.7408,-21352.54385,-25044.87054
,STD,8308.22297,13822.92787,3122.879735,7174.921854,4652.28818,9206.988373,7522.277331,8318.042882
,Variance,69026568.93,191073334.9,9752377.84,51479503.61,21643785.31,84768634.91,56584656.25,69189837.39
,Range,33397.4416,42984.69822,12083.80071,28589.89748,19941.10316,33885.22715,25673.92618,51793.64636
,Skewness,-0.027668402,-1.275941361,0.786782856,-0.322601843,0.044872259,-0.819551999,0.057075488,3.1604502
,Kurtosis,2.085563011,2.136151759,2.108465017,2.085262794,2.37272898,2.299655514,1.646523452,3.478318561
Sample40,Net Mean,-0.006925258,-0.011630927,-0.016186425,-0.062842077,-0.075777675,-0.051773642,-0.071217837,-0.042336263
,Median,-0.009609252,-0.010609239,-0.015609175,-0.061608585,-0.078608368,-0.051608714,-0.07060847,-0.051608714
,Max,0.006390543,-0.005609303,-0.008609265,-0.03160897,-0.058608624,-0.049608739,-0.052608701,0.006390543
,Min,-0.012609213,-0.018609137,-0.03160897,-0.084608291,-0.084608291,-0.058608624,-0.097608124,-0.097608124
,STD,0.005463111,0.004043811,0.005468839,0.017475905,0.00749087,0.001872813,0.011923731,0.009128522
,Variance,0.0000298,0.0000164,0.0000299,0.000305407,0.0000561,0.00000351,0.000142175,0.0000833
,Range,0.018999757,0.012999833,0.022999705,0.052999321,0.025999667,0.008999885,0.044999423,0.103998667
,Skewness,1.473881964,-0.757964401,-0.31665748,-0.211747166,1.133657145,-0.264193598,-0.153316235,3.047300944
,Kurtosis,2.546714636,1.626192281,3.122285854,1.643612489,2.394868901,5.884304759,2.155867862,4.320217309
